590355,aa1baa3c,aa1baa3c.ru,45722495801,aa1baa3c.@mail.com
742226,13aa2123ac,13aa2123ac.ru,95582832883,13aa2123ac.@mail.com
662874,1c3ba1331a,1c3ba1331a.ru,99185851912,1c3ba1331a.@mail.com
517529,1a22a3,1a22a3.ru,72563306333,1a22a3.@mail.com
509038,1311b2b,1311b2b.ru,5213663654,1311b2b.@mail.com
870323,31abc23b,31abc23b.ru,12451812982,31abc23b.@mail.com
780395,3131bb3,3131bb3.ru,34265697016,3131bb3.@mail.com
636708,13b322,13b322.ru,79578027115,13b322.@mail.com
584389,c111a,c111a.ru,84482503326,c111a.@mail.com
816857,babac1aacb,babac1aacb.ru,37460638487,babac1aacb.@mail.com
439812,221bac,221bac.ru,84077923844,221bac.@mail.com
166825,222b1c2ac,222b1c2ac.ru,37607025370,222b1c2ac.@mail.com
490062,131c3c,131c3c.ru,79721955807,131c3c.@mail.com
651005,131aaa,131aaa.ru,51873089915,131aaa.@mail.com
404591,1a1ab,1a1ab.ru,28232528685,1a1ab.@mail.com
831543,223c1331,223c1331.ru,87994468988,223c1331.@mail.com
291341,babc2c131c,babc2c131c.ru,97139299480,babc2c131c.@mail.com
7844,a113acb2c2,a113acb2c2.ru,3509539478,a113acb2c2.@mail.com
729984,132aac,132aac.ru,84576912836,132aac.@mail.com
904457,1cb1c321,1cb1c321.ru,58904786833,1cb1c321.@mail.com
572999,122a13,122a13.ru,16808232311,122a13.@mail.com
481193,2bbcac1b,2bbcac1b.ru,17172416984,2bbcac1b.@mail.com
735850,2c31cc,2c31cc.ru,11372448594,2c31cc.@mail.com
268611,232c22b,232c22b.ru,17923007548,232c22b.@mail.com
492691,3ca2ab2,3ca2ab2.ru,99826211587,3ca2ab2.@mail.com
121201,32cabb1c,32cabb1c.ru,41058528980,32cabb1c.@mail.com
766849,c2b1b2b,c2b1b2b.ru,69187350473,c2b1b2b.@mail.com
491047,a3cb3b11a1,a3cb3b11a1.ru,80048669193,a3cb3b11a1.@mail.com
475509,2a3223cb,2a3223cb.ru,95801015788,2a3223cb.@mail.com
248593,3a23b,3a23b.ru,46190518832,3a23b.@mail.com
586753,b2a13cc12,b2a13cc12.ru,82212415415,b2a13cc12.@mail.com
731283,11c3b,11c3b.ru,78960974696,11c3b.@mail.com
646618,2b3a31,2b3a31.ru,69516476860,2b3a31.@mail.com
679596,b23acac1,b23acac1.ru,25379569755,b23acac1.@mail.com
629593,cc32cac,cc32cac.ru,34663027024,cc32cac.@mail.com
791911,2331b311bb,2331b311bb.ru,69781856694,2331b311bb.@mail.com
423107,c31bb,c31bb.ru,96928363462,c31bb.@mail.com
85799,2c2c2121,2c2c2121.ru,71855920419,2c2c2121.@mail.com
911873,12ab21323,12ab21323.ru,75884038125,12ab21323.@mail.com
473239,a3a3b2,a3a3b2.ru,79091419083,a3a3b2.@mail.com
609555,323ca33,323ca33.ru,48700863099,323ca33.@mail.com
896912,32a332221a,32a332221a.ru,97902662618,32a332221a.@mail.com
356374,33123bc2a1,33123bc2a1.ru,88222916277,33123bc2a1.@mail.com
647758,2c1ca1b,2c1ca1b.ru,18111379482,2c1ca1b.@mail.com
193590,2a23123,2a23123.ru,57823120111,2a23123.@mail.com
890586,3231bc,3231bc.ru,28607150932,3231bc.@mail.com
442419,2131ca1,2131ca1.ru,11495758038,2131ca1.@mail.com
43448,22ca21c33,22ca21c33.ru,62105147952,22ca21c33.@mail.com
732653,b3bcbc2bb,b3bcbc2bb.ru,10888154276,b3bcbc2bb.@mail.com
619870,32212b21a2,32212b21a2.ru,26108224242,32212b21a2.@mail.com
33607,ac33a,ac33a.ru,27085468695,ac33a.@mail.com
855246,3a3b222a,3a3b222a.ru,80498056421,3a3b222a.@mail.com
804007,1c31ba1,1c31ba1.ru,75552240444,1c31ba1.@mail.com
849183,21223,21223.ru,54177052342,21223.@mail.com
44277,22121b1123,22121b1123.ru,77062146260,22121b1123.@mail.com
540705,baca13b,baca13b.ru,81857441695,baca13b.@mail.com
395093,2bcb3c3,2bcb3c3.ru,19662314439,2bcb3c3.@mail.com
996958,231c3b1,231c3b1.ru,31511337711,231c3b1.@mail.com
282743,112c122c,112c122c.ru,3002105654,112c122c.@mail.com
481579,3caaabaa,3caaabaa.ru,50539218947,3caaabaa.@mail.com
923678,c2ac221,c2ac221.ru,63754578,c2ac221.@mail.com
864138,b212a2c31c,b212a2c31c.ru,37841976045,b212a2c31c.@mail.com
587994,cc3331,cc3331.ru,44508853888,cc3331.@mail.com
258143,abb33a1b33,abb33a1b33.ru,17639149405,abb33a1b33.@mail.com
390116,cacb1c3b2a,cacb1c3b2a.ru,40580294046,cacb1c3b2a.@mail.com
61766,2ac3a2c311,2ac3a2c311.ru,82486295290,2ac3a2c311.@mail.com
550335,2a1cbc3bb,2a1cbc3bb.ru,29195450167,2a1cbc3bb.@mail.com
449169,c33a3,c33a3.ru,97185824646,c33a3.@mail.com
953199,211bcb3,211bcb3.ru,18550215546,211bcb3.@mail.com
868521,abccaba3,abccaba3.ru,38464443463,abccaba3.@mail.com
969729,3cb31,3cb31.ru,21233252749,3cb31.@mail.com
1770,a3a2232,a3a2232.ru,729736992,a3a2232.@mail.com
955630,3ca2a,3ca2a.ru,57764085043,3ca2a.@mail.com
508312,3bccba,3bccba.ru,10365140683,3bccba.@mail.com
518094,12112cb,12112cb.ru,71926702387,12112cb.@mail.com
920112,cca1a2,cca1a2.ru,83194030851,cca1a2.@mail.com
424249,c32331bca,c32331bca.ru,7571526910,c32331bca.@mail.com
62017,1b12bb,1b12bb.ru,22094905411,1b12bb.@mail.com
68358,2cca3c2baa,2cca3c2baa.ru,35758089274,2cca3c2baa.@mail.com
163585,3c31ab32,3c31ab32.ru,65639218237,3c31ab32.@mail.com
795483,c31cb1cac1,c31cb1cac1.ru,26968102526,c31cb1cac1.@mail.com
511294,c1bac1112c,c1bac1112c.ru,66246038915,c1bac1112c.@mail.com
252436,13a11,13a11.ru,45644854468,13a11.@mail.com
376773,bb312a2bcb,bb312a2bcb.ru,33315638933,bb312a2bcb.@mail.com
521883,1113ccb1ba,1113ccb1ba.ru,73784833361,1113ccb1ba.@mail.com
597011,c33b13,c33b13.ru,68539168224,c33b13.@mail.com
224399,abbba1ac2a,abbba1ac2a.ru,62377168782,abbba1ac2a.@mail.com
142454,b32a211a,b32a211a.ru,14101330725,b32a211a.@mail.com
767271,a21331bac,a21331bac.ru,85526726426,a21331bac.@mail.com
376851,ab113ac,ab113ac.ru,16615205453,ab113ac.@mail.com
71706,22a3b31,22a3b31.ru,62207188750,22a3b31.@mail.com
635379,12a23,12a23.ru,94423917445,12a23.@mail.com
339959,c333bbcb,c333bbcb.ru,88996697114,c333bbcb.@mail.com
741660,1ac2abcac2,1ac2abcac2.ru,91600338982,1ac2abcac2.@mail.com
985015,2abc3caa2,2abc3caa2.ru,95941629866,2abc3caa2.@mail.com
592869,cc3223cc3b,cc3223cc3b.ru,62636910247,cc3223cc3b.@mail.com
991135,3a1bac,3a1bac.ru,70480377963,3a1bac.@mail.com
836741,ab1b2,ab1b2.ru,31965130954,ab1b2.@mail.com
282388,31bb3c3,31bb3c3.ru,82985715514,31bb3c3.@mail.com
500269,323bca,323bca.ru,15422056906,323bca.@mail.com
100357,b1cc12a123,b1cc12a123.ru,39093424328,b1cc12a123.@mail.com
704121,a2b3b2,a2b3b2.ru,99349724108,a2b3b2.@mail.com
681628,bc33cbcb,bc33cbcb.ru,8639623761,bc33cbcb.@mail.com
788142,a2c1aca3cb,a2c1aca3cb.ru,40043169472,a2c1aca3cb.@mail.com
888415,cac2c,cac2c.ru,97806913249,cac2c.@mail.com
750014,ccb21b22b,ccb21b22b.ru,17855616154,ccb21b22b.@mail.com
687260,3b2a1a2,3b2a1a2.ru,94399204469,3b2a1a2.@mail.com
538541,11332121,11332121.ru,79841067961,11332121.@mail.com
835392,a21a13,a21a13.ru,70168302705,a21a13.@mail.com
17384,cbb2222,cbb2222.ru,79583667192,cbb2222.@mail.com
684682,123222aa,123222aa.ru,81867180165,123222aa.@mail.com
94201,bcc1cc2,bcc1cc2.ru,16558274218,bcc1cc2.@mail.com
270397,aaa3c1a,aaa3c1a.ru,49760207221,aaa3c1a.@mail.com
345821,223cbcab,223cbcab.ru,32695827366,223cbcab.@mail.com
270431,a21322cb2,a21322cb2.ru,38417018204,a21322cb2.@mail.com
257026,2ac1311ac,2ac1311ac.ru,37119876143,2ac1311ac.@mail.com
810167,a3bbbbbc,a3bbbbbc.ru,87444933169,a3bbbbbc.@mail.com
93697,b32c2c2,b32c2c2.ru,73838447237,b32c2c2.@mail.com
353179,b31ac,b31ac.ru,99142288039,b31ac.@mail.com
97011,c2212,c2212.ru,59961577981,c2212.@mail.com
436998,cb2ba232,cb2ba232.ru,81606886623,cb2ba232.@mail.com
905459,ca1221,ca1221.ru,66311611761,ca1221.@mail.com
706396,abc2ca,abc2ca.ru,9699177547,abc2ca.@mail.com
908799,1a1212a2c,1a1212a2c.ru,27500300729,1a1212a2c.@mail.com
620367,3131a3b1,3131a3b1.ru,8028872745,3131a3b1.@mail.com
886773,c13cb,c13cb.ru,82262476216,c13cb.@mail.com
414847,bc231a1,bc231a1.ru,28494896174,bc231a1.@mail.com
785869,231a1,231a1.ru,63856314696,231a1.@mail.com
586570,2212c,2212c.ru,4691239067,2212c.@mail.com
708980,2a3ab2ac,2a3ab2ac.ru,57768324372,2a3ab2ac.@mail.com
506813,3213c1cb,3213c1cb.ru,98447818118,3213c1cb.@mail.com
549603,1cbb1,1cbb1.ru,18880482876,1cbb1.@mail.com
818302,3abaa,3abaa.ru,38970698381,3abaa.@mail.com
248809,b3bcc1,b3bcc1.ru,44697333477,b3bcc1.@mail.com
409363,aa3c2bc3c2,aa3c2bc3c2.ru,13706122897,aa3c2bc3c2.@mail.com
136406,2c3cb,2c3cb.ru,15100703029,2c3cb.@mail.com
594257,c321ac,c321ac.ru,32510506151,c321ac.@mail.com
238010,11c23a12bc,11c23a12bc.ru,92374956663,11c23a12bc.@mail.com
644441,c21323a1a,c21323a1a.ru,49604742407,c21323a1a.@mail.com
899261,3bc31a,3bc31a.ru,75495046620,3bc31a.@mail.com
583714,c222c,c222c.ru,2921126359,c222c.@mail.com
935173,21112aa3c,21112aa3c.ru,94964521954,21112aa3c.@mail.com
303980,a31caac331,a31caac331.ru,74116067765,a31caac331.@mail.com
916194,bc31c1bb,bc31c1bb.ru,63720827985,bc31c1bb.@mail.com
496631,133c2aa,133c2aa.ru,71342757076,133c2aa.@mail.com
930079,1baaab1,1baaab1.ru,34366366291,1baaab1.@mail.com
611729,acab3,acab3.ru,14557050147,acab3.@mail.com
648350,1b2a3c312c,1b2a3c312c.ru,69109146562,1b2a3c312c.@mail.com
285141,c23c22c1c,c23c22c1c.ru,34217596415,c23c22c1c.@mail.com
336585,32aa3,32aa3.ru,61832718383,32aa3.@mail.com
852672,121c1331,121c1331.ru,66813737977,121c1331.@mail.com
898564,1aaac2b3,1aaac2b3.ru,88895952622,1aaac2b3.@mail.com
296245,23b3c1b,23b3c1b.ru,15114421138,23b3c1b.@mail.com
20598,a33c322,a33c322.ru,81962021213,a33c322.@mail.com
170993,bbabc,bbabc.ru,75124914325,bbabc.@mail.com
828253,3b3a3bca2,3b3a3bca2.ru,44271529221,3b3a3bca2.@mail.com
895087,232a1ca,232a1ca.ru,81815298352,232a1ca.@mail.com
718655,2a1a13ca,2a1a13ca.ru,82266609780,2a1a13ca.@mail.com
583868,1a2a2a,1a2a2a.ru,84244793200,1a2a2a.@mail.com
921548,33cba2aa,33cba2aa.ru,39027751979,33cba2aa.@mail.com
237648,a13a1ab1a,a13a1ab1a.ru,81717911402,a13a1ab1a.@mail.com
357153,31ccac,31ccac.ru,1685009601,31ccac.@mail.com
743186,13a3b3c,13a3b3c.ru,6963320054,13a3b3c.@mail.com
749131,c1acc3ac,c1acc3ac.ru,20187899786,c1acc3ac.@mail.com
806122,31ab21,31ab21.ru,38046594463,31ab21.@mail.com
505478,333bcacb,333bcacb.ru,40343193003,333bcacb.@mail.com
415243,a3c31c,a3c31c.ru,88887804106,a3c31c.@mail.com
559063,aacc2,aacc2.ru,14793720044,aacc2.@mail.com
684523,b23c1bc,b23c1bc.ru,56619305462,b23c1bc.@mail.com
616934,c3311321,c3311321.ru,33740184553,c3311321.@mail.com
545934,cb1323a,cb1323a.ru,4033632833,cb1323a.@mail.com
987106,112b2cc,112b2cc.ru,39158676969,112b2cc.@mail.com
977027,a3a1a13,a3a1a13.ru,55952442926,a3a1a13.@mail.com
359673,ccb2acc3,ccb2acc3.ru,63376099472,ccb2acc3.@mail.com
416608,2a123bb,2a123bb.ru,25737349281,2a123bb.@mail.com
638029,2ab233ccb,2ab233ccb.ru,69115066450,2ab233ccb.@mail.com
616084,2a1b121b1a,2a1b121b1a.ru,48567503944,2a1b121b1a.@mail.com
514306,c3a3b2ac,c3a3b2ac.ru,85085987200,c3a3b2ac.@mail.com
663637,bc1b2,bc1b2.ru,28726535214,bc1b2.@mail.com
36786,b131bab,b131bab.ru,29475218179,b131bab.@mail.com
65450,a3bb11,a3bb11.ru,15245012678,a3bb11.@mail.com
348485,2bc11bab12,2bc11bab12.ru,53781269248,2bc11bab12.@mail.com
287877,12bba1ac,12bba1ac.ru,15617505266,12bba1ac.@mail.com
367396,c22221a1,c22221a1.ru,75626015234,c22221a1.@mail.com
454270,a121bbcbb,a121bbcbb.ru,40167094062,a121bbcbb.@mail.com
584165,ca22c,ca22c.ru,62177952986,ca22c.@mail.com
772505,13bc3b2ca1,13bc3b2ca1.ru,90316194329,13bc3b2ca1.@mail.com
829866,3b3ab2c,3b3ab2c.ru,64348510963,3b3ab2c.@mail.com
248258,c3acb32a3,c3acb32a3.ru,38906289329,c3acb32a3.@mail.com
170024,caac33cbc,caac33cbc.ru,21182663669,caac33cbc.@mail.com
26475,ca23b3,ca23b3.ru,55942588385,ca23b3.@mail.com
390812,c33ba3,c33ba3.ru,21902976276,c33ba3.@mail.com
115764,13bc1a32,13bc1a32.ru,35544761242,13bc1a32.@mail.com
607878,3c2a211ca3,3c2a211ca3.ru,34099989876,3c2a211ca3.@mail.com
799172,b323c122a1,b323c122a1.ru,49192395415,b323c122a1.@mail.com
517940,21b3b12cb,21b3b12cb.ru,97591521354,21b3b12cb.@mail.com
383576,31ccca2,31ccca2.ru,22205875978,31ccca2.@mail.com
57936,2a23c2a3c,2a23c2a3c.ru,70508700731,2a23c2a3c.@mail.com
110939,22a1bca2cc,22a1bca2cc.ru,55290680489,22a1bca2cc.@mail.com
429601,b1c3b1,b1c3b1.ru,47692852138,b1c3b1.@mail.com
900203,aa2131,aa2131.ru,30732696673,aa2131.@mail.com
362036,323c3a11,323c3a11.ru,65806862084,323c3a11.@mail.com
741949,cbc223a,cbc223a.ru,78616799451,cbc223a.@mail.com
825467,3c331a2,3c331a2.ru,80337931299,3c331a2.@mail.com
892714,3c33211c1,3c33211c1.ru,41193562910,3c33211c1.@mail.com
859500,223223a1ac,223223a1ac.ru,83069649461,223223a1ac.@mail.com
362154,233ba1,233ba1.ru,2717102546,233ba1.@mail.com
411411,cac3a3,cac3a3.ru,27908150407,cac3a3.@mail.com
366170,12313,12313.ru,49843485579,12313.@mail.com
515409,3bc2112,3bc2112.ru,76439439331,3bc2112.@mail.com
945711,2abab,2abab.ru,95323049491,2abab.@mail.com
732832,cbaaccac1,cbaaccac1.ru,7723973269,cbaaccac1.@mail.com
54697,333b22,333b22.ru,16222767276,333b22.@mail.com
65765,3c222b,3c222b.ru,24327857510,3c222b.@mail.com
924178,1caa3b,1caa3b.ru,52038815885,1caa3b.@mail.com
175708,cbb2c1a1cb,cbb2c1a1cb.ru,24952292501,cbb2c1a1cb.@mail.com
447914,b2ab1a,b2ab1a.ru,88623011263,b2ab1a.@mail.com
137925,3aca3,3aca3.ru,15585873130,3aca3.@mail.com
148279,1cb1ba,1cb1ba.ru,49555371380,1cb1ba.@mail.com
427718,ca3112b23,ca3112b23.ru,71291217125,ca3112b23.@mail.com
31988,c22bca1c,c22bca1c.ru,70781132953,c22bca1c.@mail.com
844663,b3221cc2,b3221cc2.ru,73420029462,b3221cc2.@mail.com
896971,232cb3aa,232cb3aa.ru,45781151985,232cb3aa.@mail.com
638013,ab21b,ab21b.ru,71196836389,ab21b.@mail.com
649623,3abbc31,3abbc31.ru,37616526520,3abbc31.@mail.com
426711,32111,32111.ru,33782660582,32111.@mail.com
732623,b3cbab3,b3cbab3.ru,92381877025,b3cbab3.@mail.com
610597,bcacb,bcacb.ru,68231856083,bcacb.@mail.com
761837,ac13a22c,ac13a22c.ru,62953983291,ac13a22c.@mail.com
703078,3ab1a3,3ab1a3.ru,70263782589,3ab1a3.@mail.com
683042,c2ba22ccc,c2ba22ccc.ru,29046572579,c2ba22ccc.@mail.com
141128,22b321a,22b321a.ru,64938980605,22b321a.@mail.com
631699,b2a2a2c,b2a2a2c.ru,16265596861,b2a2a2c.@mail.com
854600,aca1a,aca1a.ru,71730290406,aca1a.@mail.com
716893,c2c3c2cb3,c2c3c2cb3.ru,5596960156,c2c3c2cb3.@mail.com
137872,232caaa,232caaa.ru,59187783899,232caaa.@mail.com
834284,1a2aba1abb,1a2aba1abb.ru,12525823421,1a2aba1abb.@mail.com
110947,23b11b322,23b11b322.ru,59632106208,23b11b322.@mail.com
830564,3223cc2ca3,3223cc2ca3.ru,86210556931,3223cc2ca3.@mail.com
79314,2a3c1323b,2a3c1323b.ru,91926025286,2a3c1323b.@mail.com
966333,bb132b,bb132b.ru,44352267470,bb132b.@mail.com
679242,bcc1c1a3,bcc1c1a3.ru,90372733350,bcc1c1a3.@mail.com
313124,1b23b22,1b23b22.ru,41365315977,1b23b22.@mail.com
965070,bb1ab3a,bb1ab3a.ru,17933213812,bb1ab3a.@mail.com
513832,c22b22,c22b22.ru,55154977479,c22b22.@mail.com
587749,a313cb13bb,a313cb13bb.ru,91843944959,a313cb13bb.@mail.com
452052,babac,babac.ru,18866359442,babac.@mail.com
35068,1b132,1b132.ru,45706442359,1b132.@mail.com
905231,bb22a,bb22a.ru,75281733057,bb22a.@mail.com
644950,a1bcba2,a1bcba2.ru,53240552183,a1bcba2.@mail.com
477868,cbbb3c31,cbbb3c31.ru,93989741248,cbbb3c31.@mail.com
384768,c1b2c122,c1b2c122.ru,7320045935,c1b2c122.@mail.com
755887,a211cc1a2,a211cc1a2.ru,63552188260,a211cc1a2.@mail.com
182916,3ccabccb,3ccabccb.ru,57475360543,3ccabccb.@mail.com
759606,33bbb,33bbb.ru,12949588037,33bbb.@mail.com
185562,b2c23c311,b2c23c311.ru,37851295493,b2c23c311.@mail.com
483236,12b32a2,12b32a2.ru,15407825823,12b32a2.@mail.com
986740,2aa3a32cb1,2aa3a32cb1.ru,27811489853,2aa3a32cb1.@mail.com
784431,aa233,aa233.ru,65010009434,aa233.@mail.com
448702,c2c33caab2,c2c33caab2.ru,42794803554,c2c33caab2.@mail.com
137827,3a1c21cbcc,3a1c21cbcc.ru,16948601012,3a1c21cbcc.@mail.com
797505,2311b,2311b.ru,57739828089,2311b.@mail.com
961878,33321ab1,33321ab1.ru,64838202871,33321ab1.@mail.com
83471,33acb3,33acb3.ru,63663282560,33acb3.@mail.com
200090,ab113c33,ab113c33.ru,98231776104,ab113c33.@mail.com
746082,3c1ac23a,3c1ac23a.ru,38580558447,3c1ac23a.@mail.com
685928,a11a1,a11a1.ru,89739409506,a11a1.@mail.com
362121,1322a122b,1322a122b.ru,46913167277,1322a122b.@mail.com
667420,cab3122231,cab3122231.ru,33845683949,cab3122231.@mail.com
268858,bbb232cba,bbb232cba.ru,52371683455,bbb232cba.@mail.com
223003,1a33313a33,1a33313a33.ru,23476850764,1a33313a33.@mail.com
376647,ca2ba,ca2ba.ru,33267918615,ca2ba.@mail.com
459903,3ac322c3c,3ac322c3c.ru,15121644448,3ac322c3c.@mail.com
212318,22c2cbca,22c2cbca.ru,63225293211,22c2cbca.@mail.com
776373,1bc3c,1bc3c.ru,33511130979,1bc3c.@mail.com
234881,32221b3,32221b3.ru,62400746935,32221b3.@mail.com
804803,11313,11313.ru,43654158954,11313.@mail.com
957931,113ab2,113ab2.ru,88098186959,113ab2.@mail.com
313474,32aaa33131,32aaa33131.ru,37413865228,32aaa33131.@mail.com
627444,2a33211ab,2a33211ab.ru,28672142013,2a33211ab.@mail.com
849272,a1a13a2bba,a1a13a2bba.ru,36746052694,a1a13a2bba.@mail.com
119424,b2cc2b1,b2cc2b1.ru,78812487307,b2cc2b1.@mail.com
178876,a1a11322c,a1a11322c.ru,95832042415,a1a11322c.@mail.com
880147,cba12c,cba12c.ru,3303009904,cba12c.@mail.com
70251,3331a21a,3331a21a.ru,58413473320,3331a21a.@mail.com
333768,cb33b,cb33b.ru,69056008929,cb33b.@mail.com
223389,233c2,233c2.ru,69785860520,233c2.@mail.com
235127,c33b1,c33b1.ru,85307028091,c33b1.@mail.com
925419,3b2bcc,3b2bcc.ru,13759539687,3b2bcc.@mail.com
220466,1bc3133b1,1bc3133b1.ru,57454683961,1bc3133b1.@mail.com
564704,2ba3bcbabc,2ba3bcbabc.ru,25007440261,2ba3bcbabc.@mail.com
206012,c1ba1,c1ba1.ru,26583740569,c1ba1.@mail.com
488445,1ba221c,1ba221c.ru,78567074132,1ba221c.@mail.com
613881,21acb223b,21acb223b.ru,2642822581,21acb223b.@mail.com
633080,ba2131cc,ba2131cc.ru,28316236166,ba2131cc.@mail.com
475769,a33a22,a33a22.ru,15591163948,a33a22.@mail.com
180892,2b21a3ba,2b21a3ba.ru,91297859638,2b21a3ba.@mail.com
845959,cbb33ab32,cbb33ab32.ru,61038748297,cbb33ab32.@mail.com
309995,12bbb2b1,12bbb2b1.ru,24428225260,12bbb2b1.@mail.com
959562,33ab13223,33ab13223.ru,70149255583,33ab13223.@mail.com
836390,caaa12,caaa12.ru,91609742070,caaa12.@mail.com
688612,211bc2ccb2,211bc2ccb2.ru,62425981829,211bc2ccb2.@mail.com
846406,ba113,ba113.ru,76643854193,ba113.@mail.com
489975,2a3baa,2a3baa.ru,69702352048,2a3baa.@mail.com
546489,ac21bb2a,ac21bb2a.ru,60225966820,ac21bb2a.@mail.com
664873,baa1ba,baa1ba.ru,47662533298,baa1ba.@mail.com
899183,b1b12222,b1b12222.ru,38033781360,b1b12222.@mail.com
346829,acb3ac3ba,acb3ac3ba.ru,63577685801,acb3ac3ba.@mail.com
538606,1aacb1,1aacb1.ru,91968506531,1aacb1.@mail.com
869088,ca12c3b,ca12c3b.ru,96488534055,ca12c3b.@mail.com
345466,cc122b,cc122b.ru,3326176588,cc122b.@mail.com
486164,a333b132,a333b132.ru,99179082547,a333b132.@mail.com
796640,c32ac1,c32ac1.ru,61636504641,c32ac1.@mail.com
10339,b23cbba2,b23cbba2.ru,93774428264,b23cbba2.@mail.com
840590,12121aa21c,12121aa21c.ru,27328406799,12121aa21c.@mail.com
40037,3b3a2ba12,3b3a2ba12.ru,55733455968,3b3a2ba12.@mail.com
683750,2ab1c,2ab1c.ru,71264668823,2ab1c.@mail.com
635805,a121c3,a121c3.ru,3085032508,a121c3.@mail.com
818757,1321bc,1321bc.ru,12418743758,1321bc.@mail.com
351605,32abb,32abb.ru,32488853717,32abb.@mail.com
715046,a2a22cab2a,a2a22cab2a.ru,1280991091,a2a22cab2a.@mail.com
366446,c13abc,c13abc.ru,28354087749,c13abc.@mail.com
216877,c1321a,c1321a.ru,24000604122,c1321a.@mail.com
756815,abb31,abb31.ru,77992334956,abb31.@mail.com
819761,22a3ac,22a3ac.ru,90434068457,22a3ac.@mail.com
188001,1cb112cca,1cb112cca.ru,2858336685,1cb112cca.@mail.com
569736,1112bb2b3c,1112bb2b3c.ru,84389014976,1112bb2b3c.@mail.com
902694,bbb2122c2,bbb2122c2.ru,85999988902,bbb2122c2.@mail.com
133047,a1111b1c,a1111b1c.ru,17885249674,a1111b1c.@mail.com
395247,1abbb113,1abbb113.ru,72606324521,1abbb113.@mail.com
727259,c31cc12b,c31cc12b.ru,28099054268,c31cc12b.@mail.com
131178,22cb13,22cb13.ru,21591421689,22cb13.@mail.com
337384,a2accb211a,a2accb211a.ru,25410461893,a2accb211a.@mail.com
32382,bc13b1baa,bc13b1baa.ru,21738932377,bc13b1baa.@mail.com
201499,a31a2b311,a31a2b311.ru,35421333091,a31a2b311.@mail.com
16,ba3bc2c1a2,ba3bc2c1a2.ru,10892243765,ba3bc2c1a2.@mail.com
72308,a12b1a2b,a12b1a2b.ru,77395545606,a12b1a2b.@mail.com
304477,3b2bcc1,3b2bcc1.ru,4903951589,3b2bcc1.@mail.com
648876,c22313221,c22313221.ru,6634045978,c22313221.@mail.com
757565,ab2b2,ab2b2.ru,11272510255,ab2b2.@mail.com
391850,ab2b3baa12,ab2b3baa12.ru,16775622337,ab2b3baa12.@mail.com
843678,1c3c2a3ac2,1c3c2a3ac2.ru,64500635227,1c3c2a3ac2.@mail.com
664216,b3bc1cb2,b3bc1cb2.ru,38757947595,b3bc1cb2.@mail.com
142533,a3a3a2,a3a3a2.ru,99096959691,a3a3a2.@mail.com
730582,b2cca2,b2cca2.ru,33264502857,b2cca2.@mail.com
423333,bba11cc,bba11cc.ru,2906537475,bba11cc.@mail.com
513034,21c23cc,21c23cc.ru,90237656894,21c23cc.@mail.com
755290,c2acab,c2acab.ru,66050594342,c2acab.@mail.com
64605,bbbcc133cc,bbbcc133cc.ru,68242689934,bbbcc133cc.@mail.com
125891,2c112a,2c112a.ru,50087686905,2c112a.@mail.com
287581,abc3bc1b,abc3bc1b.ru,4445185566,abc3bc1b.@mail.com
912870,32aab,32aab.ru,38840846062,32aab.@mail.com
472311,13aaa3bac,13aaa3bac.ru,96484694926,13aaa3bac.@mail.com
580758,ca2c2c2ab1,ca2c2c2ab1.ru,63834960645,ca2c2c2ab1.@mail.com
930077,11aa1ccb1,11aa1ccb1.ru,93199870927,11aa1ccb1.@mail.com
592506,1ab3c1c32,1ab3c1c32.ru,69916027048,1ab3c1c32.@mail.com
992771,aaa1b32231,aaa1b32231.ru,97624080300,aaa1b32231.@mail.com
734165,1c3a1a2,1c3a1a2.ru,5933187363,1c3a1a2.@mail.com
319513,1213bb,1213bb.ru,40322358855,1213bb.@mail.com
724588,cba3baca1,cba3baca1.ru,97438037989,cba3baca1.@mail.com
49702,ca212123a1,ca212123a1.ru,60849204581,ca212123a1.@mail.com
112636,33c23c3ca,33c23c3ca.ru,95935987441,33c23c3ca.@mail.com
114263,b1a2333c1a,b1a2333c1a.ru,65402828649,b1a2333c1a.@mail.com
569675,bccbb331b1,bccbb331b1.ru,54758344260,bccbb331b1.@mail.com
628579,2c312a321,2c312a321.ru,23697451090,2c312a321.@mail.com
385683,3bac2bc3ac,3bac2bc3ac.ru,67761668076,3bac2bc3ac.@mail.com
978616,3ac31a3c,3ac31a3c.ru,75290017864,3ac31a3c.@mail.com
141790,231123ba13,231123ba13.ru,18363309119,231123ba13.@mail.com
924471,bc2caa1b3,bc2caa1b3.ru,66454588545,bc2caa1b3.@mail.com
221975,c2122abb,c2122abb.ru,67917344259,c2122abb.@mail.com
726565,321c3,321c3.ru,70476146719,321c3.@mail.com
259782,a1223bb,a1223bb.ru,92212519511,a1223bb.@mail.com
744514,bacc3b31,bacc3b31.ru,24365135442,bacc3b31.@mail.com
944876,acac13b3b2,acac13b3b2.ru,10315276726,acac13b3b2.@mail.com
807682,11221,11221.ru,4236159849,11221.@mail.com
598658,231caac,231caac.ru,91293485567,231caac.@mail.com
388068,ac1aa133,ac1aa133.ru,89031680869,ac1aa133.@mail.com
331484,2a33b,2a33b.ru,61277700105,2a33b.@mail.com
79611,2b11ccc,2b11ccc.ru,11997640748,2b11ccc.@mail.com
378279,1bca3a,1bca3a.ru,23899384942,1bca3a.@mail.com
451730,ac311a3,ac311a3.ru,47150309245,ac311a3.@mail.com
475328,c12c1ca,c12c1ca.ru,91645413892,c12c1ca.@mail.com
981371,33c133c2,33c133c2.ru,47844530965,33c133c2.@mail.com
103424,211b32cb,211b32cb.ru,15695895356,211b32cb.@mail.com
453938,33c3ca12b1,33c3ca12b1.ru,12069466934,33c3ca12b1.@mail.com
720299,b2ba1c23a,b2ba1c23a.ru,17899396200,b2ba1c23a.@mail.com
525482,1baba,1baba.ru,15668518528,1baba.@mail.com
351804,bbccb2222,bbccb2222.ru,57930567229,bbccb2222.@mail.com
614768,31321a,31321a.ru,77776118965,31321a.@mail.com
715965,1cbc31a3b,1cbc31a3b.ru,24460033131,1cbc31a3b.@mail.com
486515,b33bb,b33bb.ru,11793748408,b33bb.@mail.com
208432,1cbb33aba,1cbb33aba.ru,77308125062,1cbb33aba.@mail.com
61508,23cbb21a3c,23cbb21a3c.ru,95650563040,23cbb21a3c.@mail.com
432003,32cbbcc31,32cbbcc31.ru,24970795636,32cbbcc31.@mail.com
964902,313ab3a3,313ab3a3.ru,79385417236,313ab3a3.@mail.com
301162,1c3c3b1bbb,1c3c3b1bbb.ru,73390324986,1c3c3b1bbb.@mail.com
646986,bc2bc1c1,bc2bc1c1.ru,48121675262,bc2bc1c1.@mail.com
260212,cbc2c33c,cbc2c33c.ru,41690943276,cbc2c33c.@mail.com
946800,3bbb1a2ab2,3bbb1a2ab2.ru,98089244424,3bbb1a2ab2.@mail.com
109334,a1aa1aa2,a1aa1aa2.ru,35767196144,a1aa1aa2.@mail.com
266179,cc1ccc2a32,cc1ccc2a32.ru,70472825432,cc1ccc2a32.@mail.com
689107,2cccaacb1,2cccaacb1.ru,9415211202,2cccaacb1.@mail.com
797239,2ca3b,2ca3b.ru,32014786442,2ca3b.@mail.com
371124,b33c3,b33c3.ru,16257562259,b33c3.@mail.com
105904,c21bbcbac,c21bbcbac.ru,71168376469,c21bbcbac.@mail.com
176689,ccca33c121,ccca33c121.ru,44633520498,ccca33c121.@mail.com
681612,2a12a2,2a12a2.ru,4327371860,2a12a2.@mail.com
475361,c21ab1,c21ab1.ru,36638419125,c21ab1.@mail.com
241365,a3b1a,a3b1a.ru,24499014819,a3b1a.@mail.com
128178,12223caa,12223caa.ru,9182569636,12223caa.@mail.com
765693,bcc22cb,bcc22cb.ru,94017834422,bcc22cb.@mail.com
983732,b131c32,b131c32.ru,72006573831,b131c32.@mail.com
144309,b3cc13131,b3cc13131.ru,72978813850,b3cc13131.@mail.com
732497,cc1aac2133,cc1aac2133.ru,42928196158,cc1aac2133.@mail.com
335190,cb2b1b2cab,cb2b1b2cab.ru,50423981301,cb2b1b2cab.@mail.com
81125,3b3cc2a,3b3cc2a.ru,99336431190,3b3cc2a.@mail.com
243519,baba2a2,baba2a2.ru,71888199533,baba2a2.@mail.com
770036,c12b31,c12b31.ru,1423734656,c12b31.@mail.com
433065,3a2a333c1b,3a2a333c1b.ru,19142184066,3a2a333c1b.@mail.com
148610,a3b33ccb3,a3b33ccb3.ru,3849649082,a3b33ccb3.@mail.com
313081,b1cc1a,b1cc1a.ru,82212568594,b1cc1a.@mail.com
397922,ab12c3ac2,ab12c3ac2.ru,18427133296,ab12c3ac2.@mail.com
511582,3bb3ba,3bb3ba.ru,76588494113,3bb3ba.@mail.com
191079,b13ac12c,b13ac12c.ru,45677107968,b13ac12c.@mail.com
563116,32aa1bb23,32aa1bb23.ru,64955393062,32aa1bb23.@mail.com
378105,ac21a1,ac21a1.ru,60796359877,ac21a1.@mail.com
219624,1ca21b,1ca21b.ru,29157178721,1ca21b.@mail.com
572449,333cb31b1,333cb31b1.ru,62734741766,333cb31b1.@mail.com
909278,a2b31aa1bc,a2b31aa1bc.ru,4711214554,a2b31aa1bc.@mail.com
503523,22b1b,22b1b.ru,76711863359,22b1b.@mail.com
551074,32caab,32caab.ru,32170250550,32caab.@mail.com
55195,c212bcb2c,c212bcb2c.ru,66288103300,c212bcb2c.@mail.com
453771,c322bbb,c322bbb.ru,77128251329,c322bbb.@mail.com
802908,ac31ca2b2,ac31ca2b2.ru,28609204800,ac31ca2b2.@mail.com
848880,22c3abc,22c3abc.ru,1107528025,22c3abc.@mail.com
486270,31b31a,31b31a.ru,37013699127,31b31a.@mail.com
99971,bca32a23ca,bca32a23ca.ru,38898581861,bca32a23ca.@mail.com
230233,c3ca2b,c3ca2b.ru,44347235072,c3ca2b.@mail.com
997032,3232bbccc3,3232bbccc3.ru,90414760483,3232bbccc3.@mail.com
967488,c11a21,c11a21.ru,34691704851,c11a21.@mail.com
109260,ca2aca3b3b,ca2aca3b3b.ru,77979865025,ca2aca3b3b.@mail.com
965586,2c123bbab2,2c123bbab2.ru,22290123280,2c123bbab2.@mail.com
605009,bac2aabc,bac2aabc.ru,35906845657,bac2aabc.@mail.com
800606,22c1c2,22c1c2.ru,84471093895,22c1c2.@mail.com
546936,22122acb,22122acb.ru,720189870,22122acb.@mail.com
376462,cc3ba2,cc3ba2.ru,1194166945,cc3ba2.@mail.com
662519,aac311a1,aac311a1.ru,77965215091,aac311a1.@mail.com
283088,3b1a2b213,3b1a2b213.ru,82343479768,3b1a2b213.@mail.com
225004,11cb3b,11cb3b.ru,15385465499,11cb3b.@mail.com
293240,1a3ac3b2,1a3ac3b2.ru,34842612590,1a3ac3b2.@mail.com
837593,ca233abaca,ca233abaca.ru,40275092072,ca233abaca.@mail.com
792683,c22ba3,c22ba3.ru,14083757746,c22ba3.@mail.com
430158,c12a2,c12a2.ru,14851941061,c12a2.@mail.com
919019,acaabb2ccc,acaabb2ccc.ru,93057607543,acaabb2ccc.@mail.com
824528,ac1c3,ac1c3.ru,74552877990,ac1c3.@mail.com
176247,c3caa1,c3caa1.ru,32157289277,c3caa1.@mail.com
765913,ac32c31,ac32c31.ru,69928939820,ac32c31.@mail.com
290684,abb22b,abb22b.ru,87423334773,abb22b.@mail.com
892113,accbba3c2c,accbba3c2c.ru,72428119448,accbba3c2c.@mail.com
212474,1cb3cb32,1cb3cb32.ru,95399314386,1cb3cb32.@mail.com
73358,aca22121,aca22121.ru,36510431275,aca22121.@mail.com
528656,a2a23,a2a23.ru,29104850639,a2a23.@mail.com
747006,c121c,c121c.ru,61507497453,c121c.@mail.com
36004,b3cab3ab,b3cab3ab.ru,4260029576,b3cab3ab.@mail.com
669114,b3223ca33,b3223ca33.ru,60723551789,b3223ca33.@mail.com
207447,21caba3,21caba3.ru,9417868638,21caba3.@mail.com
728834,2aca2bb2,2aca2bb2.ru,75947981378,2aca2bb2.@mail.com
247391,b2111,b2111.ru,39013263921,b2111.@mail.com
159406,c3c2a1b,c3c2a1b.ru,52536875788,c3c2a1b.@mail.com
717849,bc1bc1ab,bc1bc1ab.ru,31140879191,bc1bc1ab.@mail.com
205047,b1a213,b1a213.ru,54086000738,b1a213.@mail.com
320702,a13ca1,a13ca1.ru,52554645828,a13ca1.@mail.com
937421,212223,212223.ru,95146233217,212223.@mail.com
802329,331a2bc,331a2bc.ru,50183189027,331a2bc.@mail.com
159089,cab3bbc1,cab3bbc1.ru,79017562324,cab3bbc1.@mail.com
942072,c31b1a1aa,c31b1a1aa.ru,16514435204,c31b1a1aa.@mail.com
840119,3b133a133,3b133a133.ru,96971614471,3b133a133.@mail.com
588110,b1b22321a,b1b22321a.ru,8187001925,b1b22321a.@mail.com
317274,1c33221cb,1c33221cb.ru,18163037999,1c33221cb.@mail.com
860710,2c1b2a3b,2c1b2a3b.ru,33385680928,2c1b2a3b.@mail.com
499145,1122a1,1122a1.ru,9927151137,1122a1.@mail.com
101503,c11a32b2aa,c11a32b2aa.ru,29138661840,c11a32b2aa.@mail.com
986811,bc3bcc1bb,bc3bcc1bb.ru,57179917919,bc3bcc1bb.@mail.com
25001,3cc3b11,3cc3b11.ru,60217799235,3cc3b11.@mail.com
30515,1b1222,1b1222.ru,62247823384,1b1222.@mail.com
595730,12bac1a31c,12bac1a31c.ru,27942246122,12bac1a31c.@mail.com
149988,1a1112c,1a1112c.ru,95180862716,1a1112c.@mail.com
166643,cc3b21cb,cc3b21cb.ru,76646410109,cc3b21cb.@mail.com
303514,1b3121,1b3121.ru,95703820369,1b3121.@mail.com
158382,a3b23,a3b23.ru,86361133398,a3b23.@mail.com
67572,cc2cc1ac,cc2cc1ac.ru,98521754875,cc2cc1ac.@mail.com
758690,33b12a2c,33b12a2c.ru,23899030129,33b12a2c.@mail.com
456224,bc11322,bc11322.ru,97457497990,bc11322.@mail.com
494771,1b2a3,1b2a3.ru,94450469735,1b2a3.@mail.com
90226,3ac32aaab1,3ac32aaab1.ru,44259749861,3ac32aaab1.@mail.com
639868,bbbc2b,bbbc2b.ru,1531232118,bbbc2b.@mail.com
191797,31a1322a1,31a1322a1.ru,72763939936,31a1322a1.@mail.com
628960,113abc233a,113abc233a.ru,79702172268,113abc233a.@mail.com
140402,abb12b,abb12b.ru,75142718751,abb12b.@mail.com
649958,1c1cb,1c1cb.ru,85275193209,1c1cb.@mail.com
656811,c2c2bac,c2c2bac.ru,76776498122,c2c2bac.@mail.com
688973,33bacaa,33bacaa.ru,60478575761,33bacaa.@mail.com
644929,cc3acbab,cc3acbab.ru,27840951066,cc3acbab.@mail.com
498284,1c3c321bc3,1c3c321bc3.ru,42307731485,1c3c321bc3.@mail.com
451987,2a2a1c,2a2a1c.ru,93318808811,2a2a1c.@mail.com
988250,1aaaca23ac,1aaaca23ac.ru,36219499018,1aaaca23ac.@mail.com
782500,b23cc3bc,b23cc3bc.ru,75509832028,b23cc3bc.@mail.com
362745,ba3cbccb3,ba3cbccb3.ru,31921975925,ba3cbccb3.@mail.com
971049,c21a3c,c21a3c.ru,86723701312,c21a3c.@mail.com
607514,21cb133111,21cb133111.ru,92681059555,21cb133111.@mail.com
844543,3c3bcaa3b,3c3bcaa3b.ru,95781304516,3c3bcaa3b.@mail.com
613979,b2ac31b121,b2ac31b121.ru,56614998020,b2ac31b121.@mail.com
226985,2a13a21abc,2a13a21abc.ru,1637562771,2a13a21abc.@mail.com
973530,13a1c2,13a1c2.ru,12985902674,13a1c2.@mail.com
658619,a3abc1,a3abc1.ru,9409491554,a3abc1.@mail.com
911013,aacac3,aacac3.ru,53133262165,aacac3.@mail.com
512163,a113a13232,a113a13232.ru,72155897746,a113a13232.@mail.com
889402,aa1aa131,aa1aa131.ru,13564772233,aa1aa131.@mail.com
974551,1c31c2,1c31c2.ru,36622799305,1c31c2.@mail.com
112582,b23312c222,b23312c222.ru,64508832694,b23312c222.@mail.com
779094,b2cac3,b2cac3.ru,6336149404,b2cac3.@mail.com
495904,32ab1cc2a,32ab1cc2a.ru,97890311083,32ab1cc2a.@mail.com
25718,321c21a2,321c21a2.ru,56934203200,321c21a2.@mail.com
257266,a11c21b3,a11c21b3.ru,63477152796,a11c21b3.@mail.com
451058,a3b331a,a3b331a.ru,81360366651,a3b331a.@mail.com
270201,cbc1c33a3,cbc1c33a3.ru,61973924034,cbc1c33a3.@mail.com
959405,1bb3abcb13,1bb3abcb13.ru,17769913854,1bb3abcb13.@mail.com
715872,a2c312a313,a2c312a313.ru,66536868150,a2c312a313.@mail.com
825074,23ab1,23ab1.ru,15440246835,23ab1.@mail.com
905649,323a2b33,323a2b33.ru,89661968967,323a2b33.@mail.com
452538,bccbc,bccbc.ru,38955028261,bccbc.@mail.com
704062,2c2cc23bc,2c2cc23bc.ru,31596270034,2c2cc23bc.@mail.com
492453,b3aaa13cc1,b3aaa13cc1.ru,90799182992,b3aaa13cc1.@mail.com
142310,cbabb21b3,cbabb21b3.ru,95480631734,cbabb21b3.@mail.com
221590,32ab2a,32ab2a.ru,91115723743,32ab2a.@mail.com
944606,22a1aa,22a1aa.ru,87566236949,22a1aa.@mail.com
605615,3bca2,3bca2.ru,92104778155,3bca2.@mail.com
130545,2c31cb223a,2c31cb223a.ru,5995915647,2c31cb223a.@mail.com
747167,a1321c2a3,a1321c2a3.ru,38549442078,a1321c2a3.@mail.com
843773,ba21111acc,ba21111acc.ru,64216019580,ba21111acc.@mail.com
134676,1cb32a33,1cb32a33.ru,64778827345,1cb32a33.@mail.com
163322,ba2a13b,ba2a13b.ru,60580985659,ba2a13b.@mail.com
975,11c22b12a2,11c22b12a2.ru,59922280153,11c22b12a2.@mail.com
385150,c3b2b133,c3b2b133.ru,92552982136,c3b2b133.@mail.com
154439,3cab3b1c,3cab3b1c.ru,1844646955,3cab3b1c.@mail.com
202480,22bc2a1,22bc2a1.ru,16522287882,22bc2a1.@mail.com
556041,a1a3ab2,a1a3ab2.ru,67620996113,a1a3ab2.@mail.com
62689,31c2bb222,31c2bb222.ru,57754786452,31c2bb222.@mail.com
992727,cab22c111,cab22c111.ru,22757944092,cab22c111.@mail.com
440342,bcacc22332,bcacc22332.ru,73272821680,bcacc22332.@mail.com
66875,aab132,aab132.ru,77260039355,aab132.@mail.com
161337,a3221cb1,a3221cb1.ru,70117173396,a3221cb1.@mail.com
753076,caca33b,caca33b.ru,57040726241,caca33b.@mail.com
925760,12bc2,12bc2.ru,34130148193,12bc2.@mail.com
311288,2322a,2322a.ru,83842854477,2322a.@mail.com
44988,cac3acbb32,cac3acbb32.ru,70370689541,cac3acbb32.@mail.com
674723,cbc2bc,cbc2bc.ru,44798820094,cbc2bc.@mail.com
93097,2ccaa,2ccaa.ru,11993299109,2ccaa.@mail.com
511018,b1c233a3c,b1c233a3c.ru,38755609480,b1c233a3c.@mail.com
549955,cb3aa,cb3aa.ru,31755737679,cb3aa.@mail.com
635118,bca211bc,bca211bc.ru,72657155779,bca211bc.@mail.com
344517,c213a311,c213a311.ru,12848933552,c213a311.@mail.com
518702,2222ab3a1,2222ab3a1.ru,99414203521,2222ab3a1.@mail.com
447791,b1123cb1,b1123cb1.ru,79243753442,b1123cb1.@mail.com
491113,212b3c2222,212b3c2222.ru,22734391071,212b3c2222.@mail.com
431248,b2acb,b2acb.ru,92840360710,b2acb.@mail.com
69026,c211a,c211a.ru,16057396304,c211a.@mail.com
109479,a23131ab22,a23131ab22.ru,93714623332,a23131ab22.@mail.com
663272,32b3caac,32b3caac.ru,29462474845,32b3caac.@mail.com
263960,c3111aa,c3111aa.ru,85819382840,c3111aa.@mail.com
34437,c2233b2bb,c2233b2bb.ru,53498650953,c2233b2bb.@mail.com
964356,cac3a33a,cac3a33a.ru,16053109773,cac3a33a.@mail.com
844316,1331c,1331c.ru,70804912337,1331c.@mail.com
889330,aa32b3bc,aa32b3bc.ru,51483114513,aa32b3bc.@mail.com
871570,2c2cb2c233,2c2cb2c233.ru,44866866278,2c2cb2c233.@mail.com
624381,3b213cc1,3b213cc1.ru,12976618432,3b213cc1.@mail.com
529379,21c1ba1a,21c1ba1a.ru,26258398574,21c1ba1a.@mail.com
603255,2ba33c,2ba33c.ru,18761999860,2ba33c.@mail.com
558997,231c311ca,231c311ca.ru,71271935255,231c311ca.@mail.com
891514,bb32a33,bb32a33.ru,61684259460,bb32a33.@mail.com
542709,ac131c,ac131c.ru,80463306309,ac131c.@mail.com
264968,11113,11113.ru,54884565067,11113.@mail.com
581278,3a131,3a131.ru,47516395612,3a131.@mail.com
712658,baa2c,baa2c.ru,75908766048,baa2c.@mail.com
991078,cbab231,cbab231.ru,38574056773,cbab231.@mail.com
291464,31c33c2,31c33c2.ru,23309221901,31c33c2.@mail.com
42517,c1abacc1,c1abacc1.ru,50130313009,c1abacc1.@mail.com
698039,b232ccb3,b232ccb3.ru,98781877568,b232ccb3.@mail.com
908892,2212cb1,2212cb1.ru,60744611764,2212cb1.@mail.com
384924,331332,331332.ru,98166451767,331332.@mail.com
478700,a3ab2333,a3ab2333.ru,80696345508,a3ab2333.@mail.com
731827,ccac12,ccac12.ru,61300785894,ccac12.@mail.com
738658,a31333b,a31333b.ru,66328277041,a31333b.@mail.com
587931,3bba2cb33,3bba2cb33.ru,9938986644,3bba2cb33.@mail.com
339569,bb22bccb1b,bb22bccb1b.ru,90217880905,bb22bccb1b.@mail.com
75690,a2a3bb131,a2a3bb131.ru,97361622320,a2a3bb131.@mail.com
909971,1c11a,1c11a.ru,30476623594,1c11a.@mail.com
548971,322ccb2ba,322ccb2ba.ru,15637872926,322ccb2ba.@mail.com
981904,a1b211211a,a1b211211a.ru,5578249440,a1b211211a.@mail.com
32933,c1a32bb1,c1a32bb1.ru,19294588524,c1a32bb1.@mail.com
343515,11323,11323.ru,23546776573,11323.@mail.com
721558,1a3c3a,1a3c3a.ru,12567971402,1a3c3a.@mail.com
566654,c1ba323c,c1ba323c.ru,16502057755,c1ba323c.@mail.com
348454,3ccc33,3ccc33.ru,98552163656,3ccc33.@mail.com
239127,a231a,a231a.ru,42014104294,a231a.@mail.com
512263,1c311bb,1c311bb.ru,24405211584,1c311bb.@mail.com
731309,2a211,2a211.ru,97052953407,2a211.@mail.com
907409,3acb2b,3acb2b.ru,61476946570,3acb2b.@mail.com
344057,3b21cab3c,3b21cab3c.ru,22313758632,3b21cab3c.@mail.com
299427,b1cabc1b2,b1cabc1b2.ru,3408796276,b1cabc1b2.@mail.com
550642,1c3b2,1c3b2.ru,75977493629,1c3b2.@mail.com
82245,ac3a13c312,ac3a13c312.ru,46267100862,ac3a13c312.@mail.com
149500,1bcac3cc2b,1bcac3cc2b.ru,48382644802,1bcac3cc2b.@mail.com
46488,ccb23a3a1a,ccb23a3a1a.ru,52703682176,ccb23a3a1a.@mail.com
522435,2ab1bb3ac,2ab1bb3ac.ru,42363684849,2ab1bb3ac.@mail.com
323481,c11ccbb,c11ccbb.ru,68225080620,c11ccbb.@mail.com
907629,12ac1c2,12ac1c2.ru,57967496539,12ac1c2.@mail.com
470566,1333a11c2,1333a11c2.ru,34968358779,1333a11c2.@mail.com
336261,c1b1b31c,c1b1b31c.ru,58729908744,c1b1b31c.@mail.com
823590,3a212,3a212.ru,3640939082,3a212.@mail.com
997906,213accccc2,213accccc2.ru,98329922354,213accccc2.@mail.com
183362,bc2c233a22,bc2c233a22.ru,96174325534,bc2c233a22.@mail.com
198052,cacc3a1,cacc3a1.ru,1708760509,cacc3a1.@mail.com
11838,2bab3ab33,2bab3ab33.ru,7154516903,2bab3ab33.@mail.com
301596,12b1a23a1a,12b1a23a1a.ru,77033230798,12b1a23a1a.@mail.com
88275,ca23bcac,ca23bcac.ru,30810487777,ca23bcac.@mail.com
350903,21c1a,21c1a.ru,74080014452,21c1a.@mail.com
917855,1b2a21,1b2a21.ru,20884921170,1b2a21.@mail.com
570641,21bb2b1a,21bb2b1a.ru,82840292021,21bb2b1a.@mail.com
542235,ac12b3,ac12b3.ru,48179480137,ac12b3.@mail.com
898398,bca12a3c,bca12a3c.ru,37240399314,bca12a3c.@mail.com
896383,b21cba11,b21cba11.ru,81174550753,b21cba11.@mail.com
986274,23ba1a,23ba1a.ru,51958498188,23ba1a.@mail.com
608236,ab1ac3a,ab1ac3a.ru,46766104184,ab1ac3a.@mail.com
266173,3cbb3ca1,3cbb3ca1.ru,73507735952,3cbb3ca1.@mail.com
200987,32c31a,32c31a.ru,62673765099,32c31a.@mail.com
483900,2cb2bb,2cb2bb.ru,98812257675,2cb2bb.@mail.com
171323,bc112c,bc112c.ru,81485023674,bc112c.@mail.com
733718,3a23bc3a,3a23bc3a.ru,72491484160,3a23bc3a.@mail.com
620302,3a322c,3a322c.ru,85587282716,3a322c.@mail.com
954802,3ba2bb,3ba2bb.ru,61980887291,3ba2bb.@mail.com
841627,32bba323c3,32bba323c3.ru,62937848266,32bba323c3.@mail.com
56059,121ba2,121ba2.ru,29677648255,121ba2.@mail.com
120927,2a22c2,2a22c2.ru,72674137364,2a22c2.@mail.com
967002,3c2c31cca,3c2c31cca.ru,5619595632,3c2c31cca.@mail.com
891253,111cc22ac,111cc22ac.ru,39715684195,111cc22ac.@mail.com
548232,ba13a3,ba13a3.ru,2870141621,ba13a3.@mail.com
831817,2bb212ab,2bb212ab.ru,46624416356,2bb212ab.@mail.com
266975,1123311b2,1123311b2.ru,39689452584,1123311b2.@mail.com
192183,bacba1a,bacba1a.ru,72437440321,bacba1a.@mail.com
968718,3bb3b,3bb3b.ru,10084016757,3bb3b.@mail.com
61786,c2ac22c,c2ac22c.ru,59666550505,c2ac22c.@mail.com
53006,a3b33c3c,a3b33c3c.ru,21952894669,a3b33c3c.@mail.com
178185,bc2caa2b3,bc2caa2b3.ru,38636491365,bc2caa2b3.@mail.com
889330,122cc11cb,122cc11cb.ru,29658991939,122cc11cb.@mail.com
24413,a3cc2,a3cc2.ru,98739614966,a3cc2.@mail.com
259489,cc2bbc3c,cc2bbc3c.ru,12717338933,cc2bbc3c.@mail.com
142888,acaca12a,acaca12a.ru,47301483629,acaca12a.@mail.com
403374,ca3231c21a,ca3231c21a.ru,65382938013,ca3231c21a.@mail.com
520239,c3ca122,c3ca122.ru,27694862188,c3ca122.@mail.com
103868,c1baba2,c1baba2.ru,66059179919,c1baba2.@mail.com
180952,c11bca,c11bca.ru,14147959859,c11bca.@mail.com
507315,11abcbc1,11abcbc1.ru,33062111831,11abcbc1.@mail.com
44853,c2aaacabc1,c2aaacabc1.ru,71316195287,c2aaacabc1.@mail.com
956311,21c2c2,21c2c2.ru,85979969455,21c2c2.@mail.com
609408,1321233,1321233.ru,83303129350,1321233.@mail.com
500502,3c21abc3a,3c21abc3a.ru,64377717198,3c21abc3a.@mail.com
215558,113221bbc,113221bbc.ru,33009906672,113221bbc.@mail.com
664746,aa2cbccac2,aa2cbccac2.ru,2288729032,aa2cbccac2.@mail.com
211408,1a2cc32a,1a2cc32a.ru,27455490268,1a2cc32a.@mail.com
759473,1b33acc32,1b33acc32.ru,23376080371,1b33acc32.@mail.com
157404,b1b3ba,b1b3ba.ru,90726440370,b1b3ba.@mail.com
27445,b2bcca3c2,b2bcca3c2.ru,91463768413,b2bcca3c2.@mail.com
242705,3a2311,3a2311.ru,32503366084,3a2311.@mail.com
8968,122b1c312,122b1c312.ru,27907666292,122b1c312.@mail.com
66749,12c1c,12c1c.ru,98795427967,12c1c.@mail.com
698960,a2c22,a2c22.ru,84889780120,a2c22.@mail.com
809524,ba3a2cbcc,ba3a2cbcc.ru,28182319673,ba3a2cbcc.@mail.com
383083,acb2ac,acb2ac.ru,36218909466,acb2ac.@mail.com
876207,cb1aa1221a,cb1aa1221a.ru,54082472194,cb1aa1221a.@mail.com
578920,b2a1ac3c1,b2a1ac3c1.ru,96669188906,b2a1ac3c1.@mail.com
935717,c3b3ba,c3b3ba.ru,52433989443,c3b3ba.@mail.com
353027,b2a1bbc3,b2a1bbc3.ru,53827715625,b2a1bbc3.@mail.com
660329,bac11,bac11.ru,78874186474,bac11.@mail.com
460583,a21c3ac,a21c3ac.ru,80085276426,a21c3ac.@mail.com
136796,33cbba,33cbba.ru,64078732434,33cbba.@mail.com
849943,a2b3b32b33,a2b3b32b33.ru,33093849541,a2b3b32b33.@mail.com
533480,3ac3cb11a3,3ac3cb11a3.ru,53123362725,3ac3cb11a3.@mail.com
441564,baab332,baab332.ru,5390869488,baab332.@mail.com
711783,3abaa3c2a,3abaa3c2a.ru,55007481138,3abaa3c2a.@mail.com
148186,3132cacb,3132cacb.ru,87302813102,3132cacb.@mail.com
66737,2c2ac1,2c2ac1.ru,94731055616,2c2ac1.@mail.com
467962,1223bb1cb,1223bb1cb.ru,45892884158,1223bb1cb.@mail.com
307538,2a33bcca,2a33bcca.ru,88062219250,2a33bcca.@mail.com
524402,22a1a,22a1a.ru,96515984836,22a1a.@mail.com
551434,a12aaaa32c,a12aaaa32c.ru,70262665997,a12aaaa32c.@mail.com
405277,bca3323,bca3323.ru,24968812389,bca3323.@mail.com
146595,c22a3c33,c22a3c33.ru,22240698296,c22a3c33.@mail.com
450557,a2b333,a2b333.ru,30278407685,a2b333.@mail.com
123425,bba13,bba13.ru,25507012057,bba13.@mail.com
662883,2b11a13b,2b11a13b.ru,29733898905,2b11a13b.@mail.com
733891,31baa13,31baa13.ru,90899830767,31baa13.@mail.com
156930,1baa3cacac,1baa3cacac.ru,94232353405,1baa3cacac.@mail.com
191547,2c221,2c221.ru,1784903184,2c221.@mail.com
409440,3bc31,3bc31.ru,90008100202,3bc31.@mail.com
815436,2cc3c32c,2cc3c32c.ru,43734079036,2cc3c32c.@mail.com
563003,bb2bcbb33,bb2bcbb33.ru,41816968050,bb2bcbb33.@mail.com
396722,b132bc33,b132bc33.ru,71983673036,b132bc33.@mail.com
409928,cbb23c3,cbb23c3.ru,61778329167,cbb23c3.@mail.com
928017,c2aca,c2aca.ru,54267623275,c2aca.@mail.com
242230,ac2aa,ac2aa.ru,38709159460,ac2aa.@mail.com
233089,b2c21b23c,b2c21b23c.ru,13710380017,b2c21b23c.@mail.com
895368,1c333c2b3,1c333c2b3.ru,30147365190,1c333c2b3.@mail.com
268004,3a22cc,3a22cc.ru,70823839434,3a22cc.@mail.com
417290,cbbacc1,cbbacc1.ru,37642585406,cbbacc1.@mail.com
965117,1c233c1c1,1c233c1c1.ru,31854429369,1c233c1c1.@mail.com
444116,aacaab3,aacaab3.ru,60230737715,aacaab3.@mail.com
708605,2c3bba1a2,2c3bba1a2.ru,42868244013,2c3bba1a2.@mail.com
284225,13c113cb31,13c113cb31.ru,79203696001,13c113cb31.@mail.com
230562,ba3a1c2a2c,ba3a1c2a2c.ru,69363217293,ba3a1c2a2c.@mail.com
552798,bc31c1,bc31c1.ru,12810769895,bc31c1.@mail.com
254909,32221ba,32221ba.ru,99902171565,32221ba.@mail.com
455442,11b32,11b32.ru,39608229327,11b32.@mail.com
170679,2ccaa3,2ccaa3.ru,76630996151,2ccaa3.@mail.com
862314,112c33313a,112c33313a.ru,36258915824,112c33313a.@mail.com
407180,12caa2a23,12caa2a23.ru,53380211992,12caa2a23.@mail.com
219462,a21b2311a3,a21b2311a3.ru,24437721057,a21b2311a3.@mail.com
734107,b1cb22b21a,b1cb22b21a.ru,93832418252,b1cb22b21a.@mail.com
186714,cbc223ac,cbc223ac.ru,82466550533,cbc223ac.@mail.com
268477,33a21,33a21.ru,21054103118,33a21.@mail.com
668330,a21a2c13c,a21a2c13c.ru,46040295803,a21a2c13c.@mail.com
996745,cb23a1cc,cb23a1cc.ru,91059944176,cb23a1cc.@mail.com
240051,aaacc,aaacc.ru,88691310435,aaacc.@mail.com
919235,c21b1bc1,c21b1bc1.ru,91397184483,c21b1bc1.@mail.com
346451,2ca232b32c,2ca232b32c.ru,85516750391,2ca232b32c.@mail.com
475956,1b1c32aa,1b1c32aa.ru,77926226772,1b1c32aa.@mail.com
25082,2132313a,2132313a.ru,39159356975,2132313a.@mail.com
786514,1c1b3b3,1c1b3b3.ru,37142620067,1c1b3b3.@mail.com
643070,33c122bb,33c122bb.ru,31786877030,33c122bb.@mail.com
263440,cc3231b,cc3231b.ru,46142033974,cc3231b.@mail.com
239326,3231a322a1,3231a322a1.ru,71440119814,3231a322a1.@mail.com
832956,aa33bb12a,aa33bb12a.ru,86053086021,aa33bb12a.@mail.com
10939,b2a2c,b2a2c.ru,40855735394,b2a2c.@mail.com
382402,213a3c3,213a3c3.ru,13977162130,213a3c3.@mail.com
265695,caacbc,caacbc.ru,23379426152,caacbc.@mail.com
465390,cab1c22a3c,cab1c22a3c.ru,29495668501,cab1c22a3c.@mail.com
596587,2cba11,2cba11.ru,60950055685,2cba11.@mail.com
426111,2b3cc,2b3cc.ru,69571957126,2b3cc.@mail.com
235333,cab2c2,cab2c2.ru,43777414583,cab2c2.@mail.com
664366,111bb33b2a,111bb33b2a.ru,24708204340,111bb33b2a.@mail.com
977087,b2bcccc,b2bcccc.ru,44483933157,b2bcccc.@mail.com
139906,c3aba,c3aba.ru,43980834799,c3aba.@mail.com
345955,3ca12232b,3ca12232b.ru,88815961565,3ca12232b.@mail.com
621333,3133a,3133a.ru,96816605843,3133a.@mail.com
753469,22bb2b,22bb2b.ru,88707582894,22bb2b.@mail.com
933807,cb1a3cab,cb1a3cab.ru,4642991755,cb1a3cab.@mail.com
841895,1ccac,1ccac.ru,25641017721,1ccac.@mail.com
998270,11c3ab,11c3ab.ru,43213940888,11c3ab.@mail.com
26296,bc12cb2,bc12cb2.ru,17396323183,bc12cb2.@mail.com
324004,b3c1a,b3c1a.ru,24242501087,b3c1a.@mail.com
372458,ca12b,ca12b.ru,78751347792,ca12b.@mail.com
886683,1ccc2aca3a,1ccc2aca3a.ru,87674623171,1ccc2aca3a.@mail.com
343679,31ca3bcbb2,31ca3bcbb2.ru,68129832142,31ca3bcbb2.@mail.com
856972,aa232112b3,aa232112b3.ru,30078816778,aa232112b3.@mail.com
532733,1c3ccc,1c3ccc.ru,13117586995,1c3ccc.@mail.com
559869,ac2b331,ac2b331.ru,65581549420,ac2b331.@mail.com
260772,cc122,cc122.ru,65533580831,cc122.@mail.com
922128,31bc2aa,31bc2aa.ru,50100179154,31bc2aa.@mail.com
310704,2a32aaa2,2a32aaa2.ru,33949749835,2a32aaa2.@mail.com
240245,aaa21113,aaa21113.ru,48723487311,aaa21113.@mail.com
897950,1123b1,1123b1.ru,72615817263,1123b1.@mail.com
780268,a13211,a13211.ru,77302433160,a13211.@mail.com
430356,3b3c2bb,3b3c2bb.ru,78770877275,3b3c2bb.@mail.com
413388,cc2122b12,cc2122b12.ru,5548338674,cc2122b12.@mail.com
266466,cb21acc,cb21acc.ru,56865683798,cb21acc.@mail.com
740576,1b33ca1,1b33ca1.ru,47378930933,1b33ca1.@mail.com
684978,123aa12ca,123aa12ca.ru,61389065778,123aa12ca.@mail.com
740187,ac33c212,ac33c212.ru,67220302669,ac33c212.@mail.com
551612,ccc2b3a2,ccc2b3a2.ru,12210231672,ccc2b3a2.@mail.com
880914,2ca331,2ca331.ru,85740651682,2ca331.@mail.com
898749,2a32c1bc,2a32c1bc.ru,80061517763,2a32c1bc.@mail.com
192708,1aa2c,1aa2c.ru,95006106850,1aa2c.@mail.com
257674,cb2bbcb2a1,cb2bbcb2a1.ru,35498335814,cb2bbcb2a1.@mail.com
340390,cc1a3c,cc1a3c.ru,19723692062,cc1a3c.@mail.com
647777,acba3baac,acba3baac.ru,19754215653,acba3baac.@mail.com
965888,3c3a2,3c3a2.ru,30097018382,3c3a2.@mail.com
770468,313b1,313b1.ru,63151218062,313b1.@mail.com
142487,ca22cc2c,ca22cc2c.ru,88368977249,ca22cc2c.@mail.com
54938,3a3abb,3a3abb.ru,56787605275,3a3abb.@mail.com
47874,21cb1a323,21cb1a323.ru,60341198340,21cb1a323.@mail.com
780644,21a131ab,21a131ab.ru,41317609314,21a131ab.@mail.com
642134,bbcacab313,bbcacab313.ru,72876155458,bbcacab313.@mail.com
886581,1cabb,1cabb.ru,2353999581,1cabb.@mail.com
792172,b3a1c,b3a1c.ru,86398363764,b3a1c.@mail.com
999990,1c1ab,1c1ab.ru,14016441344,1c1ab.@mail.com
33184,1aa2cb21,1aa2cb21.ru,53998957485,1aa2cb21.@mail.com
1536,b22ca2c3,b22ca2c3.ru,99734180647,b22ca2c3.@mail.com
985534,2b21ac2b,2b21ac2b.ru,40766574493,2b21ac2b.@mail.com
684042,a1ccabb,a1ccabb.ru,63224840812,a1ccabb.@mail.com
371331,231133c33,231133c33.ru,82744836029,231133c33.@mail.com
977007,cb3b2,cb3b2.ru,58005090876,cb3b2.@mail.com
303717,22ca133aa2,22ca133aa2.ru,49780265380,22ca133aa2.@mail.com
96681,ccc3a33ab2,ccc3a33ab2.ru,83755464318,ccc3a33ab2.@mail.com
493579,c32223,c32223.ru,36507156481,c32223.@mail.com
121485,1c311,1c311.ru,27612416504,1c311.@mail.com
633376,2c112a3ba,2c112a3ba.ru,50254320408,2c112a3ba.@mail.com
645207,1ab13,1ab13.ru,24501704699,1ab13.@mail.com
440067,b21c3c,b21c3c.ru,26474544928,b21c3c.@mail.com
393555,a2cc1c2,a2cc1c2.ru,728579267,a2cc1c2.@mail.com
724420,b33c3,b33c3.ru,76805193975,b33c3.@mail.com
862964,cb23ac12b,cb23ac12b.ru,56057128762,cb23ac12b.@mail.com
808016,1accb,1accb.ru,6105815046,1accb.@mail.com
39771,1ac2233,1ac2233.ru,68873873851,1ac2233.@mail.com
960119,13b32,13b32.ru,3437534418,13b32.@mail.com
299167,ab1c3b2b,ab1c3b2b.ru,71050812972,ab1c3b2b.@mail.com
873570,ccb3ba,ccb3ba.ru,54579355324,ccb3ba.@mail.com
237033,3c3c3a1,3c3c3a1.ru,91329567466,3c3c3a1.@mail.com
677992,ac31cc,ac31cc.ru,34508307224,ac31cc.@mail.com
505796,13a223b3,13a223b3.ru,94874533061,13a223b3.@mail.com
535112,11ac21311a,11ac21311a.ru,30712245089,11ac21311a.@mail.com
45507,c1c1a,c1c1a.ru,89241017654,c1c1a.@mail.com
1576,32b3c1c123,32b3c1c123.ru,60990315494,32b3c1c123.@mail.com
782959,1b1ababc,1b1ababc.ru,90387116596,1b1ababc.@mail.com
598854,3caab,3caab.ru,85624392930,3caab.@mail.com
906547,ba121bb2a,ba121bb2a.ru,9890473530,ba121bb2a.@mail.com
994754,ac23ac1133,ac23ac1133.ru,71007495360,ac23ac1133.@mail.com
731335,ca221b3b,ca221b3b.ru,47501160021,ca221b3b.@mail.com
675008,a1ba112c,a1ba112c.ru,89897776774,a1ba112c.@mail.com
720547,c3aacbc3a,c3aacbc3a.ru,82299268539,c3aacbc3a.@mail.com
703145,bca3a3b21b,bca3a3b21b.ru,72570927145,bca3a3b21b.@mail.com
238303,ab3c3c2,ab3c3c2.ru,35378986487,ab3c3c2.@mail.com
42324,c232ca,c232ca.ru,26794148232,c232ca.@mail.com
569670,1a13aca,1a13aca.ru,29058728468,1a13aca.@mail.com
873110,11133a,11133a.ru,31911181159,11133a.@mail.com
980873,3c22c12c3,3c22c12c3.ru,73965230043,3c22c12c3.@mail.com
467385,21a21cb3,21a21cb3.ru,92387582483,21a21cb3.@mail.com
439420,1b2aac3,1b2aac3.ru,7509226218,1b2aac3.@mail.com
20046,1c11a3ba,1c11a3ba.ru,2990321739,1c11a3ba.@mail.com
33978,11abbac3,11abbac3.ru,2606280672,11abbac3.@mail.com
511281,3b12ac23c,3b12ac23c.ru,60393396327,3b12ac23c.@mail.com
584171,333cbb2a23,333cbb2a23.ru,44957173461,333cbb2a23.@mail.com
530320,c1b3ab1abc,c1b3ab1abc.ru,71909814885,c1b3ab1abc.@mail.com
407991,c32aaa,c32aaa.ru,77305813672,c32aaa.@mail.com
301632,1a222acc2,1a222acc2.ru,58475262617,1a222acc2.@mail.com
336960,2c11cc1b22,2c11cc1b22.ru,62035435925,2c11cc1b22.@mail.com
987401,c2bcaa2bc,c2bcaa2bc.ru,3441188659,c2bcaa2bc.@mail.com
694802,bc223aa,bc223aa.ru,88640266577,bc223aa.@mail.com
282106,2a13b3232a,2a13b3232a.ru,31412623430,2a13b3232a.@mail.com
20904,233322bb1,233322bb1.ru,56403728225,233322bb1.@mail.com
788997,cccb2132bb,cccb2132bb.ru,88213178917,cccb2132bb.@mail.com
920462,111b2b,111b2b.ru,81020467841,111b2b.@mail.com
659610,213ca1b,213ca1b.ru,81260953966,213ca1b.@mail.com
139978,bb3233abb,bb3233abb.ru,50717420927,bb3233abb.@mail.com
745476,1c2cb13c,1c2cb13c.ru,51111552003,1c2cb13c.@mail.com
786980,a3c1a,a3c1a.ru,97473575588,a3c1a.@mail.com
187867,23a21ab1c,23a21ab1c.ru,94004878682,23a21ab1c.@mail.com
50340,3b2bab3,3b2bab3.ru,60191384559,3b2bab3.@mail.com
957712,c23b1a231,c23b1a231.ru,84600759625,c23b1a231.@mail.com
716368,bcb311,bcb311.ru,5151423535,bcb311.@mail.com
558775,12cbb,12cbb.ru,1740158501,12cbb.@mail.com
470009,33a3ab2b,33a3ab2b.ru,19102562972,33a3ab2b.@mail.com
388158,22c3221cc,22c3221cc.ru,67426694537,22c3221cc.@mail.com
688882,11c3a21a1,11c3a21a1.ru,25897222582,11c3a21a1.@mail.com
553000,322cc31a3,322cc31a3.ru,87478341442,322cc31a3.@mail.com
49916,c3a23,c3a23.ru,30689723305,c3a23.@mail.com
258332,2bb2b3a,2bb2b3a.ru,21322892037,2bb2b3a.@mail.com
674985,2b3a2b,2b3a2b.ru,25919962281,2b3a2b.@mail.com
585185,1bbb1b,1bbb1b.ru,66045322423,1bbb1b.@mail.com
404704,a1b22b3a22,a1b22b3a22.ru,95740243532,a1b22b3a22.@mail.com
245122,baab1,baab1.ru,14583662909,baab1.@mail.com
46036,22ab3323,22ab3323.ru,8260038943,22ab3323.@mail.com
447587,133c12c2a3,133c12c2a3.ru,72493733709,133c12c2a3.@mail.com
478044,b1abcaa,b1abcaa.ru,34471184157,b1abcaa.@mail.com
520259,1caa3a3b,1caa3a3b.ru,52260475586,1caa3a3b.@mail.com
292917,c1c333ca1,c1c333ca1.ru,90855611513,c1c333ca1.@mail.com
855991,21232,21232.ru,52733120676,21232.@mail.com
98443,c3cb31,c3cb31.ru,51350665025,c3cb31.@mail.com
270013,331b2bc1a,331b2bc1a.ru,64871804725,331b2bc1a.@mail.com
522969,b2aa223a,b2aa223a.ru,47394191519,b2aa223a.@mail.com
297197,1c1acb132,1c1acb132.ru,59454961953,1c1acb132.@mail.com
254060,c211a21,c211a21.ru,45006505936,c211a21.@mail.com
872000,1b2b23,1b2b23.ru,51422483689,1b2b23.@mail.com
807807,c22ab111bb,c22ab111bb.ru,3071645268,c22ab111bb.@mail.com
92380,ccc23aa,ccc23aa.ru,54377121163,ccc23aa.@mail.com
904576,a1aaaa3a2a,a1aaaa3a2a.ru,15323076993,a1aaaa3a2a.@mail.com
643250,1a2ba,1a2ba.ru,77600621406,1a2ba.@mail.com
25584,3b11bb,3b11bb.ru,87948640937,3b11bb.@mail.com
290652,1b223,1b223.ru,84520374938,1b223.@mail.com
442675,133babbc,133babbc.ru,14396341615,133babbc.@mail.com
320676,ab3a32223c,ab3a32223c.ru,64174113860,ab3a32223c.@mail.com
820328,cbbbb,cbbbb.ru,54665494260,cbbbb.@mail.com
591088,c221b,c221b.ru,20854567611,c221b.@mail.com
773816,3b221b1,3b221b1.ru,64383947456,3b221b1.@mail.com
248852,aa13a11b,aa13a11b.ru,44025330454,aa13a11b.@mail.com
368123,cbac2c,cbac2c.ru,88224636094,cbac2c.@mail.com
599252,13a1c,13a1c.ru,7815679392,13a1c.@mail.com
824103,c213221cac,c213221cac.ru,36508204328,c213221cac.@mail.com
918114,232321a2c,232321a2c.ru,80654299298,232321a2c.@mail.com
125774,ca113c,ca113c.ru,74522987963,ca113c.@mail.com
305970,121213c,121213c.ru,70306240864,121213c.@mail.com
854696,3b12111,3b12111.ru,29146375804,3b12111.@mail.com
860615,bbbabbc,bbbabbc.ru,41691579549,bbbabbc.@mail.com
612464,baac32bc3,baac32bc3.ru,95651970722,baac32bc3.@mail.com
122346,32b1b3b3,32b1b3b3.ru,33849984523,32b1b3b3.@mail.com
447840,b3c23c13,b3c23c13.ru,27322618781,b3c23c13.@mail.com
863016,22c22a33cb,22c22a33cb.ru,1286505986,22c22a33cb.@mail.com
335924,acb33221c,acb33221c.ru,66310262104,acb33221c.@mail.com
892314,1122a1,1122a1.ru,18269409294,1122a1.@mail.com
96211,ab2ca2323,ab2ca2323.ru,40407378048,ab2ca2323.@mail.com
447788,a3a2c1a3,a3a2c1a3.ru,52223759983,a3a2c1a3.@mail.com
767278,b1323b1bc,b1323b1bc.ru,93790376181,b1323b1bc.@mail.com
709808,23cbc3ca1,23cbc3ca1.ru,73857935930,23cbc3ca1.@mail.com
508883,1212b,1212b.ru,31480419309,1212b.@mail.com
859251,c1a33131,c1a33131.ru,99222671255,c1a33131.@mail.com
450708,abb3b323,abb3b323.ru,87597660841,abb3b323.@mail.com
611924,ab2a2,ab2a2.ru,10409277280,ab2a2.@mail.com
377828,22a3a2bab,22a3a2bab.ru,4077793009,22a3a2bab.@mail.com
750251,cbc3a1ac,cbc3a1ac.ru,29575186959,cbc3a1ac.@mail.com
358904,3ba13bb1,3ba13bb1.ru,31867923065,3ba13bb1.@mail.com
643010,accabac,accabac.ru,69839242063,accabac.@mail.com
575818,3113c21c,3113c21c.ru,9143087865,3113c21c.@mail.com
880573,2ac3bcb22b,2ac3bcb22b.ru,10363483916,2ac3bcb22b.@mail.com
295192,11bc21,11bc21.ru,58179756091,11bc21.@mail.com
199184,abb321ac1a,abb321ac1a.ru,30037963049,abb321ac1a.@mail.com
608351,bc2323,bc2323.ru,44564598711,bc2323.@mail.com
471879,cca32bc,cca32bc.ru,90422078988,cca32bc.@mail.com
146180,c22c1a23bb,c22c1a23bb.ru,34388858393,c22c1a23bb.@mail.com
472730,a11c231c,a11c231c.ru,39006993306,a11c231c.@mail.com
559512,c3b3a211c2,c3b3a211c2.ru,25377161785,c3b3a211c2.@mail.com
31868,3c11c1c,3c11c1c.ru,7801758191,3c11c1c.@mail.com
106852,22331c,22331c.ru,7531442131,22331c.@mail.com
331081,2aa2a1,2aa2a1.ru,4671582822,2aa2a1.@mail.com
534149,aaab1acb,aaab1acb.ru,67725233141,aaab1acb.@mail.com
941307,12baccbaab,12baccbaab.ru,40610688495,12baccbaab.@mail.com
435245,2baca2b,2baca2b.ru,76101374122,2baca2b.@mail.com
584041,c213b,c213b.ru,15847341910,c213b.@mail.com
69795,c2a3a22a,c2a3a22a.ru,62809392625,c2a3a22a.@mail.com
601614,c1bb2cbab,c1bb2cbab.ru,37833358025,c1bb2cbab.@mail.com
777401,a1a2a1213,a1a2a1213.ru,48141311055,a1a2a1213.@mail.com
693854,c1c13a1,c1c13a1.ru,77995351680,c1c13a1.@mail.com
62406,32cbb,32cbb.ru,58665389988,32cbb.@mail.com
402635,bca3cbaa,bca3cbaa.ru,16486897180,bca3cbaa.@mail.com
516987,a22b2,a22b2.ru,19064112619,a22b2.@mail.com
251779,aa2c32ba2a,aa2c32ba2a.ru,99177881625,aa2c32ba2a.@mail.com
652896,312a2ac1,312a2ac1.ru,69696232644,312a2ac1.@mail.com
210087,3cbcbc,3cbcbc.ru,79946903877,3cbcbc.@mail.com
872822,2a2a11c12a,2a2a11c12a.ru,21821495265,2a2a11c12a.@mail.com
646164,3c3ca211,3c3ca211.ru,74377921286,3c3ca211.@mail.com
705794,c3aa12cc3,c3aa12cc3.ru,13687103901,c3aa12cc3.@mail.com
949909,bb121b,bb121b.ru,85277573823,bb121b.@mail.com
282640,bbab23c2,bbab23c2.ru,39340271612,bbab23c2.@mail.com
121459,c1bc23,c1bc23.ru,21053319383,c1bc23.@mail.com
614287,3bb1bcb31,3bb1bcb31.ru,91897487470,3bb1bcb31.@mail.com
4505,2cca3,2cca3.ru,50205146002,2cca3.@mail.com
704275,13b31ca,13b31ca.ru,62326566493,13b31ca.@mail.com
715202,1213b3,1213b3.ru,47355696377,1213b3.@mail.com
953854,bbcc2c1b2,bbcc2c1b2.ru,81748072426,bbcc2c1b2.@mail.com
167096,2bbbcabc,2bbbcabc.ru,74004679101,2bbbcabc.@mail.com
296812,c21b3ab31a,c21b3ab31a.ru,57588974250,c21b3ab31a.@mail.com
932911,b22b1113ac,b22b1113ac.ru,85377467840,b22b1113ac.@mail.com
145617,cb11c33,cb11c33.ru,54795311656,cb11c33.@mail.com
248603,b3aba2,b3aba2.ru,20564584843,b3aba2.@mail.com
749759,122a2,122a2.ru,39692488494,122a2.@mail.com
656947,2bb1cacac3,2bb1cacac3.ru,10730114672,2bb1cacac3.@mail.com
503545,a3ac3,a3ac3.ru,45975747497,a3ac3.@mail.com
569129,bc22b32,bc22b32.ru,30155634965,bc22b32.@mail.com
780609,ab131ca,ab131ca.ru,65216970865,ab131ca.@mail.com
938356,a21cc,a21cc.ru,32249599350,a21cc.@mail.com
303062,3a32caba,3a32caba.ru,87326599590,3a32caba.@mail.com
664379,11aab31b2c,11aab31b2c.ru,2746324792,11aab31b2c.@mail.com
47095,a2cbbac31b,a2cbbac31b.ru,43535244239,a2cbbac31b.@mail.com
336963,aac33a22cb,aac33a22cb.ru,44251467715,aac33a22cb.@mail.com
309845,bc11a,bc11a.ru,21818865529,bc11a.@mail.com
922666,cbb1c1a,cbb1c1a.ru,152399560,cbb1c1a.@mail.com
59195,13c2131a3,13c2131a3.ru,44947616863,13c2131a3.@mail.com
660208,12ca3333a,12ca3333a.ru,28585399131,12ca3333a.@mail.com
60597,111c3cbab,111c3cbab.ru,85775451353,111c3cbab.@mail.com
935318,c13c2a2ca,c13c2a2ca.ru,1221720721,c13c2a2ca.@mail.com
276720,331ba13312,331ba13312.ru,68909613515,331ba13312.@mail.com
20745,33132b,33132b.ru,19554390966,33132b.@mail.com
394898,ab1b2211bb,ab1b2211bb.ru,45638608869,ab1b2211bb.@mail.com
166458,a1ba3b3b1,a1ba3b3b1.ru,34418900998,a1ba3b3b1.@mail.com
264492,a1bbb3b21,a1bbb3b21.ru,41846780684,a1bbb3b21.@mail.com
90588,2ba22b,2ba22b.ru,38936765815,2ba22b.@mail.com
214539,b3c1c221,b3c1c221.ru,84412754613,b3c1c221.@mail.com
973041,1222cc3a1a,1222cc3a1a.ru,76468927615,1222cc3a1a.@mail.com
953180,333221cb,333221cb.ru,99378028394,333221cb.@mail.com
389730,1a2b1cab,1a2b1cab.ru,21482693248,1a2b1cab.@mail.com
104395,31b32,31b32.ru,95659989256,31b32.@mail.com
355789,bba2c311a2,bba2c311a2.ru,42453056724,bba2c311a2.@mail.com
885157,a131a2b123,a131a2b123.ru,14130161064,a131a2b123.@mail.com
450882,1132c3bc,1132c3bc.ru,96762666326,1132c3bc.@mail.com
484564,1ac32311,1ac32311.ru,55953773013,1ac32311.@mail.com
470311,bccb13,bccb13.ru,90412936645,bccb13.@mail.com
117757,1131223b2b,1131223b2b.ru,1261009048,1131223b2b.@mail.com
331578,a2c1bacca,a2c1bacca.ru,86812645549,a2c1bacca.@mail.com
141465,33a2ccb32c,33a2ccb32c.ru,13221156714,33a2ccb32c.@mail.com
156698,a1c1a,a1c1a.ru,62069619156,a1c1a.@mail.com
596916,3a1ca2a2ab,3a1ca2a2ab.ru,45760417170,3a1ca2a2ab.@mail.com
392207,abb3213c1a,abb3213c1a.ru,62690338025,abb3213c1a.@mail.com